Player,Team,P,Season,start_year,end_year,dob,age_in_season,GP,G,A1,A2,SOG,FOW,FOL,PenT,game_score,game_score_game
Abby Niewchas,MET,D,2019-2020,2019,2020,1997,22,1,0,0,0,0,0,0,0,0,0
Adelle Murphy,BOS,F,2018-2019,2018,2019,1994,24,1,0,0,0,1,0,0,0,0.1,0.1
Alex Carpenter,BOS,F,2016-2017,2016,2017,1994,22,17,9,12,8,57,0,0,0,30.78,1.81
Alexa Aramburu,CTW,F,2019-2020,2019,2020,1995,24,6,0,0,0,17,15,9,2,2.06,0.34
Alexa Aramburu,MET,F,2018-2019,2018,2019,1995,23,11,0,3,0,10,0,0,0,3.7,0.34
Alexa Gruschow,MET,F,2018-2019,2018,2019,1994,24,16,2,1,1,25,0,0,0,6.06,0.38
Alexa Gruschow,NYR,F,2016-2017,2016,2017,1994,22,18,2,3,5,26,0,0,0,10.6,0.59
Alexa Gruschow,MET,F,2017-2018,2017,2018,1994,23,16,9,9,4,38,0,0,0,23.54,1.47
Alexandra Bender,BOS,D,2016-2017,2016,2017,NA,NA,17,2,3,1,22,0,0,0,7.56,0.44
Allie Lacombe,CTW,F,2019-2020,2019,2020,1993,26,5,0,1,0,6,23,13,1,2.45,0.49
Allie Olnowich,MET,NA,2020-2021,2020,2021,1998,22,3,0,0,0,4,0,0,0,0.4,0.13
Allie Thunstrom,MIN,NA,2020-2021,2020,2021,1988,32,4,0,0,0,11,0,4,2,0.36,0.09
Allie Thunstrom,MIN,F,2018-2019,2018,2019,1988,30,16,5,4,0,52,0,0,0,13.8,0.86
Allie Thunstrom,MIN,F,2019-2020,2019,2020,1988,31,24,24,9,3,142,19,10,3,48.82,2.03
Alyson Matteau,BUF,NA,2020-2021,2020,2021,1997,23,6,0,2,0,9,0,0,1,2.55,0.43
Alyssa Gagliardi,BOS,D,2015-2016,2015,2016,1992,23,17,0,4,2,25,0,0,0,7.42,0.44
Alyssa Gagliardi,BOS,D,2017-2018,2017,2018,1992,25,16,2,5,1,34,0,0,0,10.56,0.66
Alyssa Gagliardi,BOS,D,2018-2019,2018,2019,1992,26,16,1,2,3,28,0,0,0,7.58,0.47
Alyssa Gagliardi,BOS,D,2016-2017,2016,2017,1992,24,17,0,4,1,21,0,0,0,6.36,0.37
Alyssa Wohlfeiler,BOS,F,2019-2020,2019,2020,1989,30,14,5,9,2,31,0,0,11,15.87,1.13
Alyssa Wohlfeiler,CTW,F|D,2015-2016,2015,2016,1989,26,17,3,2,2,21,0,0,0,8.22,0.48
Alyssa Wohlfeiler,CTW,NA,2020-2021,2020,2021,1989,31,4,1,3,1,13,0,0,2,5.36,1.34
Amanda Boulier,MIN,NA,2020-2021,2020,2021,1993,27,0,0,0,0,0,0,0,0,0,NA
Amanda Boulier,MIN,D,2018-2019,2018,2019,1993,25,16,5,4,4,40,0,0,0,15.24,0.95
Amanda Boulier,MIN,D,2019-2020,2019,2020,1993,26,22,6,11,10,39,1,0,5,25.76,1.17
Amanda Boulier,CTW,D|F,2017-2018,2017,2018,1993,24,12,3,4,1,40,0,0,0,11.26,0.94
Amanda Conway,CTW,NA,2020-2021,2020,2021,1997,23,4,1,0,1,7,0,1,0,2.25,0.56
Amanda Kessel,NYR,F,2016-2017,2016,2017,1991,25,8,4,10,4,18,0,0,0,17.44,2.18
Amanda Kessel,MET,F,2018-2019,2018,2019,1991,27,13,2,9,6,39,0,0,0,17.96,1.38
Amanda Pelkey,BOS,F,2015-2016,2015,2016,1993,22,16,7,3,0,43,0,0,0,14,0.88
Amanda Pelkey,BOS,F,2018-2019,2018,2019,1993,25,16,5,5,2,27,0,0,0,13.52,0.84
Amanda Pelkey,BOS,F,2016-2017,2016,2017,1993,23,17,2,3,2,32,0,0,0,9.22,0.54
Amber Moore,NYR,D,2015-2016,2015,2016,1988,27,13,0,1,1,1,0,0,0,1.66,0.13
Amy Curlew,TOR,NA,2020-2021,2020,2021,1998,22,6,0,4,0,3,3,3,2,3.6,0.6
Amy Menke,MIN,F,2018-2019,2018,2019,1995,23,15,4,3,3,31,0,0,0,11.78,0.79
Amy Schlagel,MIN,F,2018-2019,2018,2019,1996,22,12,2,0,1,15,0,0,0,4.16,0.35
Ana Orzechowski,BUF,D,2019-2020,2019,2020,1996,23,23,0,0,1,9,1,1,2,1.26,0.05
Anna Keys,MET,D,2019-2020,2019,2020,1995,24,9,0,1,0,4,0,0,4,0.7,0.08
Anne Schleper,BUF,D,2016-2017,2016,2017,1990,26,6,0,1,0,6,0,0,0,1.5,0.25
Annika Zalewski,BUF,F,2018-2019,2018,2019,1996,22,16,3,7,2,23,0,0,0,12.92,0.81
Annmarie Cellino,BUF,F,2015-2016,2015,2016,NA,NA,3,0,0,1,0,0,0,0,0.66,0.22
Anya Battagino,CTW,F|D,2016-2017,2016,2017,NA,NA,5,0,0,0,3,0,0,0,0.3,0.06
Anya Battaglino,CTW,F|D,2015-2016,2015,2016,NA,NA,8,0,0,0,0,0,0,0,0,0
Anya Battaglino,CTW,F,2017-2018,2017,2018,NA,NA,9,0,0,0,7,0,0,0,0.7,0.08
Ashley Birdsall,BUF,F|D,2019-2020,2019,2020,1990,29,18,1,1,1,6,2,3,4,2.45,0.14
Ashley Johnston,MET,D,2017-2018,2017,2018,1992,25,14,1,0,1,11,0,0,0,2.76,0.2
Ashley Johnston,NYR,D,2016-2017,2016,2017,1992,24,17,2,0,2,14,0,0,0,4.72,0.28
Ashley Johnston,MET,D,2019-2020,2019,2020,1992,27,10,0,1,2,7,0,0,1,2.77,0.28
Ashley Johnston,NYR,D,2015-2016,2015,2016,1992,23,16,1,3,4,24,0,0,0,8.74,0.55
Ashley Vesci,BUF,F,2016-2017,2016,2017,1993,23,10,0,1,0,13,0,0,0,2.2,0.22
Audra Richards,MIN,NA,2020-2021,2020,2021,1994,26,4,1,3,0,7,0,1,1,4.14,1.03
Audra Richards,MIN,F,2019-2020,2019,2020,1994,25,24,9,6,5,78,25,26,1,25.24,1.05
Audra Richards,MET,F,2018-2019,2018,2019,1994,24,16,8,0,0,41,0,0,0,12.1,0.76
Autumn MacDougall,BUF,NA,2020-2021,2020,2021,1997,23,6,3,0,0,15,0,0,0,4.5,0.75
Becki Bowering,BUF,F,2019-2020,2019,2020,1996,23,24,3,2,4,27,117,159,10,4.02,0.17
Beth Hanrahan,NYR,F,2015-2016,2015,2016,1993,22,18,2,1,0,44,0,0,0,7.3,0.41
Blake Bolden,BOS,D,2016-2017,2016,2017,1991,25,17,1,3,2,35,0,0,0,8.52,0.5
Blake Bolden,BUF,D,2018-2019,2018,2019,1991,27,16,1,5,7,47,0,0,0,14.82,0.93
Blake Bolden,BOS,D,2015-2016,2015,2016,1991,24,18,1,4,4,38,0,0,0,11.04,0.61
Bray Ketchum,MET,F,2017-2018,2017,2018,1989,28,16,5,2,4,34,0,0,0,12.84,0.8
Bray Ketchum,NYR,F,2016-2017,2016,2017,1989,27,17,2,1,4,28,0,0,0,8.34,0.49
Bray Ketchum,NYR,F,2015-2016,2015,2016,1989,26,18,10,2,1,51,0,0,0,17.56,0.98
Breanne Wilson-Bennett,TOR,NA,2020-2021,2020,2021,1996,24,6,2,1,1,23,47,34,1,7.14,1.19
Briana Mastel,BOS,D,2019-2020,2019,2020,1994,25,24,1,1,5,26,0,0,2,7.5,0.31
Briana Mastel,BOS,NA,2020-2021,2020,2021,1994,26,5,0,0,0,5,0,0,1,0.35,0.07
Brianna Decker,BOS,F,2015-2016,2015,2016,1991,24,16,14,12,4,100,0,0,0,37.44,2.34
Brianna Decker,BOS,F,2016-2017,2016,2017,1991,25,17,14,10,7,104,0,0,0,38.02,2.24
Bridgette Prentiss,MET,NA,2020-2021,2020,2021,1998,22,0,0,0,0,0,0,0,0,0,NA
Brinna Dochniak,CTW,D,2019-2020,2019,2020,1997,22,10,0,1,1,8,0,0,1,2.21,0.22
Brittany Colton,BUF,NA,2020-2021,2020,2021,1997,23,6,0,0,0,1,0,9,0,-0.89,-0.15
Brittany Dougherty,CTW,F,2015-2016,2015,2016,1991,24,17,1,2,2,30,0,0,0,7.12,0.42
Brooke Ammerman,NYR,F,2015-2016,2015,2016,NA,NA,15,4,10,1,47,0,0,0,18.36,1.22
Brooke Avery,MET,NA,2020-2021,2020,2021,1995,25,3,0,0,1,1,1,1,0,0.76,0.25
Brooke Avery,MET,F,2019-2020,2019,2020,1995,24,21,5,0,0,35,59,58,5,7.86,0.37
Brooke Baker,MET,F,2019-2020,2019,2020,1997,22,23,3,0,3,37,3,17,11,5.49,0.24
Brooke Boquist,TOR,NA,2020-2021,2020,2021,1996,24,4,2,2,0,18,2,2,2,5.3,1.32
Brooke Stacey,BUF,F,2019-2020,2019,2020,1996,23,14,8,5,3,31,7,4,1,17.76,1.27
Brooke Stacey,BUF,NA,2020-2021,2020,2021,1996,24,6,0,1,0,12,3,5,0,1.88,0.31
Brooke White-Lancette,MIN,F,2018-2019,2018,2019,1981,37,2,0,1,0,2,0,0,0,1.1,0.55
Brooke White-Lancette,MIN,F,2019-2020,2019,2020,1981,38,10,2,0,1,8,0,2,2,2.94,0.29
Brooke White-Lancette,MIN,NA,2020-2021,2020,2021,1981,39,4,1,0,0,1,0,0,0,1.1,0.28
Bulbul Kartanbay,MET,F,2019-2020,2019,2020,1993,26,10,0,0,0,7,0,2,1,0.33,0.03
Cailey Hutchison,MET,NA,2020-2021,2020,2021,1997,23,3,1,0,0,2,15,13,1,1.27,0.42
Cailey Hutchison,MET,F,2019-2020,2019,2020,1997,22,24,3,2,6,62,249,236,14,14.29,0.6
Carlee Toews,BOS,F,2019-2020,2019,2020,1996,23,22,7,6,2,49,2,7,3,17.62,0.8
Carlee Turner,BOS,NA,2020-2021,2020,2021,1997,23,7,0,1,0,14,31,26,1,2.7,0.39
Casey Pickett,BOS,F,2015-2016,2015,2016,1986,29,7,0,0,0,8,0,0,0,0.8,0.11
Cassidy MacPherson,BUF,F,2019-2020,2019,2020,1997,22,24,5,3,4,63,195,200,2,15.79,0.66
Cassidy MacPherson,BUF,NA,2020-2021,2020,2021,1997,23,6,0,0,0,18,43,45,0,1.58,0.26
Cassie Dunne,CTW,D,2017-2018,2017,2018,1994,23,5,0,0,0,0,0,0,0,0,0
Cassie Dunne,MET,D,2019-2020,2019,2020,1994,25,19,0,0,2,6,1,0,3,1.58,0.08
Celeste Brown,CTW,F,2016-2017,2016,2017,1992,24,3,0,0,0,3,0,0,0,0.3,0.1
Celeste Brown,NYR,F,2015-2016,2015,2016,1992,23,17,0,2,2,23,0,0,0,5.42,0.32
Cheeky Herr,MET,F,2017-2018,2017,2018,1993,24,2,0,0,0,1,0,0,0,0.1,0.05
Chelsea Ziadie,MET,D,2018-2019,2018,2019,1996,22,16,1,2,1,9,0,0,0,4.36,0.27
Chelsey Brodt Rosenthal,MIN,NA,2020-2021,2020,2021,1983,37,4,0,0,0,1,0,0,3,-0.35,-0.09
Chelsey Brodt Rosenthal,MIN,D,2019-2020,2019,2020,1983,36,22,0,0,3,14,0,1,8,2.07,0.09
Chelsey Brodt Rosenthal,MIN,D,2018-2019,2018,2019,1983,35,14,0,1,3,7,0,0,0,3.58,0.26
Cherie Hendrickson,BOS,D,2015-2016,2015,2016,1986,29,3,0,0,0,2,0,0,0,0.2,0.07
Cherie Stewart,NYR,F,2015-2016,2015,2016,1982,33,4,0,0,0,3,0,0,0,0.3,0.08
Christina Putigna,BOS,F,2019-2020,2019,2020,1997,22,24,8,14,7,96,5,3,6,34.14,1.42
Christina Putigna,BOS,NA,2020-2021,2020,2021,1997,23,7,2,4,2,24,0,0,1,9.17,1.31
Colleen Murphy,CTW,F|D,2018-2019,2018,2019,1993,25,8,0,0,1,8,0,0,0,1.46,0.18
Colleen Murphy,MET,D,2019-2020,2019,2020,1993,26,24,1,3,3,33,0,0,8,7.78,0.32
Colleen Murphy,BUF,D,2017-2018,2017,2018,1993,24,14,0,0,2,7,0,0,0,2.02,0.14
Corey Stearns,BOS,F,2017-2018,2017,2018,1990,27,14,0,1,3,8,0,0,0,3.68,0.26
Corinne Buie,BUF,F,2016-2017,2016,2017,1992,24,17,9,1,2,48,0,0,0,16.02,0.94
Corinne Buie,BUF,F,2018-2019,2018,2019,1992,26,16,3,2,2,45,0,0,0,10.62,0.66
Corinne Buie,BUF,F,2017-2018,2017,2018,1992,25,15,4,1,5,48,0,0,0,13,0.87
Corinne Buie,BOS,F,2015-2016,2015,2016,1992,23,18,3,3,1,44,0,0,0,10.76,0.6
Corinne Buie,BUF,F,2019-2020,2019,2020,1992,27,24,6,4,3,68,202,208,9,16.37,0.68
Courtney Burke,NYR,D,2016-2017,2016,2017,1994,22,13,3,4,4,29,0,0,0,12.14,0.93
Courtney Burke,MET,D,2018-2019,2018,2019,1994,24,11,0,3,3,20,0,0,0,6.68,0.61
Courtney Burke,MET,D,2017-2018,2017,2018,1994,23,16,2,8,9,41,0,0,0,19.24,1.2
Courtney Carnes,BUF,F,2015-2016,2015,2016,NA,NA,4,0,0,0,0,0,0,0,0,0
Cydney Roesler,CTW,D,2016-2017,2016,2017,1994,22,17,1,2,4,25,0,0,0,7.94,0.47
Cydney Roesler,CTW,D,2018-2019,2018,2019,1994,24,2,0,0,0,2,0,0,0,0.2,0.1
Cydney Roesler,CTW,D,2017-2018,2017,2018,1994,23,14,1,1,0,26,0,0,0,4.5,0.32
Dana Trivigno,BOS,F,2018-2019,2018,2019,1994,24,13,2,3,1,43,0,0,0,9.66,0.74
Dana Trivigno,CTW,F,2016-2017,2016,2017,1994,22,16,3,3,3,43,0,0,0,11.98,0.75
Dana Trivigno,BOS,F,2017-2018,2017,2018,1994,23,13,3,4,1,46,0,0,0,11.86,0.91
Dani Cameranesi,BUF,F,2018-2019,2018,2019,1995,23,14,4,5,6,41,0,0,0,16.56,1.18
Danielle Ward,CTW,F,2015-2016,2015,2016,1989,26,18,5,3,2,21,0,0,0,11.12,0.62
Denisa Krizova,BOS,F,2018-2019,2018,2019,1994,24,16,6,5,3,27,0,0,0,15.18,0.95
Denise Cardello,CTW,F,2017-2018,2017,2018,1988,29,0,0,0,0,0,0,0,0,0,NA
Denna Laing,BOS,F,2017-2018,2017,2018,1991,26,NA,0,0,0,0,0,0,0,0,NA
Denna Laing,BOS,F,2015-2016,2015,2016,1991,24,2,0,0,0,2,0,0,0,0.2,0.1
Devon Skeats,BUF,F,2015-2016,2015,2016,1991,24,15,9,3,2,55,0,0,0,18.52,1.23
Devon Skeats,BUF,F,2016-2017,2016,2017,1991,25,16,4,0,1,32,0,0,0,7.86,0.49
Dominique Kremer,BUF,NA,2020-2021,2020,2021,1997,23,6,0,0,0,5,0,0,2,0.2,0.03
Dru Burns,BOS,D,2018-2019,2018,2019,1991,27,NA,0,0,0,0,0,0,0,0,NA
Elena Gualtieri,CTW,F,2019-2020,2019,2020,NA,NA,16,2,1,1,24,1,1,3,5.51,0.34
Elena Orlando,CTW,F|D,2016-2017,2016,2017,1992,24,12,0,0,0,4,0,0,0,0.4,0.03
Elena Orlando,CTW,NA,2020-2021,2020,2021,1992,28,4,0,0,2,2,0,1,1,1.26,0.32
Elena Orlando,CTW,D,2018-2019,2018,2019,1992,26,16,0,0,0,2,0,0,0,0.2,0.01
Elena Orlando,NYR,D,2015-2016,2015,2016,1992,23,17,0,1,0,7,0,0,0,1.6,0.09
Elena Orlando,CTW,D,2019-2020,2019,2020,1992,27,24,0,2,1,23,2,1,6,3.97,0.17
Elena Orlando,CTW,D,2017-2018,2017,2018,1992,25,16,0,0,1,10,0,0,0,1.66,0.1
Elizabeth Parker,BOS,D,2017-2018,2017,2018,1991,26,4,0,0,0,1,0,0,0,0.1,0.03
Emily Field,BOS,F,2018-2019,2018,2019,1993,25,15,2,2,1,20,0,0,0,6.46,0.43
Emily Field,BOS,F,2016-2017,2016,2017,1993,23,15,3,2,1,23,0,0,0,7.76,0.52
Emily Field,BOS,F,2017-2018,2017,2018,1993,24,16,5,3,4,37,0,0,0,14.04,0.88
Emily Field,BOS,F,2015-2016,2015,2016,1993,22,18,4,2,1,32,0,0,0,9.66,0.54
Emily Fluke,TOR,NA,2020-2021,2020,2021,1992,28,6,1,1,0,3,1,4,2,1.57,0.26
Emily Fluke,CTW,F,2018-2019,2018,2019,1992,26,16,3,4,4,33,0,0,0,12.54,0.78
Emily Fluke,BOS,F,2019-2020,2019,2020,1992,27,23,9,9,9,49,8,15,8,25.97,1.13
Emily Fluke,CTW,F,2017-2018,2017,2018,1992,25,16,4,2,5,38,0,0,0,12.9,0.81
Emily Janiga,MET,NA,2020-2021,2020,2021,1994,26,3,1,0,0,4,24,33,1,0.26,0.09
Emily Janiga,BUF,F,2018-2019,2018,2019,1994,24,16,4,0,2,30,0,0,0,8.32,0.52
Emily Janiga,BUF,F,2016-2017,2016,2017,1994,22,17,6,4,1,34,0,0,0,13.66,0.8
Emily Pfalzer,BUF,D,2015-2016,2015,2016,NA,NA,17,2,2,8,50,0,0,0,14.08,0.83
Emily Pfalzer,BUF,D,2018-2019,2018,2019,NA,NA,16,2,1,3,22,0,0,0,7.08,0.44
Emily Pfalzer,BUF,D,2016-2017,2016,2017,NA,NA,15,1,5,1,27,0,0,0,8.86,0.59
Emma Greco,CTW,D,2017-2018,2017,2018,1995,22,6,0,2,0,6,0,0,0,2.4,0.4
Emma Greco,TOR,NA,2020-2021,2020,2021,1995,25,6,0,0,1,6,0,1,2,0.85,0.14
Emma Ruggiero,BUF,F,2019-2020,2019,2020,1997,22,10,0,1,0,7,10,13,2,0.97,0.1
Emma Stauber,MIN,F,2018-2019,2018,2019,1993,25,15,1,1,3,22,0,0,0,6.08,0.41
Emma Stauber,MIN,NA,2020-2021,2020,2021,1993,27,4,0,1,0,3,0,0,5,0.45,0.11
Emma Stauber,MIN,D,2019-2020,2019,2020,1993,26,10,0,2,1,15,0,0,4,3.36,0.34
Emma Vlasic,CTW,NA,2020-2021,2020,2021,1996,24,4,1,2,1,10,45,34,1,5.52,1.38
Emma Vlasic,CTW,F,2019-2020,2019,2020,1996,23,24,9,0,0,67,288,209,7,23.34,0.97
Emma Woods,TOR,NA,2020-2021,2020,2021,1995,25,4,0,2,2,22,0,0,0,5.32,1.33
Erika Lawler,MET,F,2018-2019,2018,2019,1987,31,14,0,0,1,10,0,0,0,1.66,0.12
Erika Lawler,MET,F,2017-2018,2017,2018,1987,30,14,1,3,4,24,0,0,0,8.74,0.62
Erin Barley-Maloney,NYR,F,2015-2016,2015,2016,1989,26,0,0,0,0,0,0,0,0,0,NA
Erin Brand,CTW,F|D,2018-2019,2018,2019,1995,23,1,0,0,0,0,0,0,0,0,0
Erin Gehen,BUF,NA,2020-2021,2020,2021,1996,24,6,0,0,0,12,0,0,1,1.05,0.18
Erin Gehen,BUF,F,2019-2020,2019,2020,1996,23,24,7,6,3,48,4,12,10,16.8,0.7
Erin Hall,CTW,D,2019-2020,2019,2020,1994,25,15,0,0,2,6,0,0,3,1.47,0.1
Erin Zach,BUF,F,2015-2016,2015,2016,1991,24,14,1,3,1,17,0,0,0,6.06,0.43
Fiona McKenna,MET,F,2018-2019,2018,2019,1995,23,6,0,0,0,4,0,0,0,0.4,0.07
Gabie Figueroa,NYR,D,2016-2017,2016,2017,1992,24,3,0,0,0,2,0,0,0,0.2,0.07
Gabie Figueroa,NYR,D,2015-2016,2015,2016,1992,23,18,1,0,0,17,0,0,0,2.7,0.15
Gigi Marvin,BOS,D,2015-2016,2015,2016,1987,28,16,5,1,8,39,0,0,0,15.08,0.94
Gigi Marvin,BOS,F,2018-2019,2018,2019,1987,31,15,10,4,2,48,0,0,0,19.72,1.31
Gigi Marvin,BOS,D,2016-2017,2016,2017,1987,29,16,4,3,7,34,0,0,0,14.72,0.92
Grace Klienbach,CTW,F,2017-2018,2017,2018,1994,23,13,1,0,1,11,0,0,0,2.76,0.21
Grace Klienbach,CTW,NA,2020-2021,2020,2021,1994,26,4,0,0,0,2,0,0,1,0.05,0.01
Grace Klienbach,CTW,F,2019-2020,2019,2020,1994,25,24,1,7,0,63,10,13,10,11.77,0.49
Haley Frade,MET,F,2019-2020,2019,2020,1993,26,3,0,0,1,6,10,27,2,-0.91,-0.3
Haley Mack,MIN,NA,2020-2021,2020,2021,1998,22,4,2,1,0,10,0,1,1,3.64,0.91
Haley Payne,CTW,F,2019-2020,2019,2020,1997,22,10,1,0,0,5,0,0,0,1.5,0.15
Haley Skarupa,CTW,F,2016-2017,2016,2017,1994,22,16,11,6,5,81,0,0,0,27.8,1.74
Haley Skarupa,BOS,F,2017-2018,2017,2018,1994,23,5,2,0,3,30,0,0,0,6.98,1.4
Haley Skarupa,BOS,F,2018-2019,2018,2019,1994,24,12,6,7,5,52,0,0,0,20.8,1.73
Hanna Beattie,CTW,D,2018-2019,2018,2019,1995,23,16,0,0,0,22,0,0,0,2.2,0.14
Hanna Beattie,CTW,D,2017-2018,2017,2018,1995,22,12,0,0,0,10,0,0,0,1,0.08
Hanna Beattie,CTW,NA,2020-2021,2020,2021,1995,25,4,0,0,0,4,0,0,0,0.4,0.1
Hanna Beattie,CTW,F|D,2019-2020,2019,2020,1995,24,22,3,2,1,26,27,24,9,7.04,0.32
Hannah Brandt,MIN,F,2018-2019,2018,2019,1993,25,16,5,5,1,47,0,0,0,14.86,0.93
Hannah McGowan,BUF,F,2015-2016,2015,2016,1992,23,18,1,2,0,18,0,0,0,4.6,0.26
Harrison Browne,BUF,F,2016-2017,2016,2017,1993,23,17,2,2,2,25,0,0,0,7.62,0.45
Harrison Browne,MET,F,2017-2018,2017,2018,1993,24,15,3,3,3,22,0,0,0,9.88,0.66
Harrison Browne,BUF,F,2015-2016,2015,2016,1993,22,18,5,6,1,52,0,0,0,16.26,0.9
Haylea Schmid,MIN,NA,2020-2021,2020,2021,1990,30,3,1,0,0,8,13,13,1,1.65,0.55
Haylea Schmid,MIN,F,2018-2019,2018,2019,1990,28,6,0,1,0,4,0,0,0,1.3,0.22
Haylea Schmid,MIN,F,2019-2020,2019,2020,1990,29,24,4,5,4,78,180,212,5,14.67,0.61
Hayley Moore,BOS,F,2015-2016,2015,2016,1986,29,1,0,0,0,0,0,0,0,0,0
Hayley Scamurra,BUF,F,2016-2017,2016,2017,1994,22,1,1,0,0,6,0,0,0,1.6,1.6
Hayley Scamurra,BUF,F,2018-2019,2018,2019,1994,24,16,10,7,3,74,0,0,0,25.68,1.6
Hayley Scamurra,BUF,F,2017-2018,2017,2018,1994,23,14,7,5,2,63,0,0,0,19.12,1.37
Hayley Williams,BUF,F,2015-2016,2015,2016,1990,25,17,1,3,1,17,0,0,0,6.06,0.36
Heather Schwarz,BOS,F,2017-2018,2017,2018,1994,23,15,1,1,0,21,0,0,0,4,0.27
Hilary Knight,BOS,F,2016-2017,2016,2017,1989,27,10,8,3,4,55,0,0,0,18.84,1.88
Hilary Knight,BOS,F,2015-2016,2015,2016,1989,26,17,15,14,4,123,0,0,0,42.54,2.5
Hillary Crowe,MET,F,2017-2018,2017,2018,1992,25,3,0,0,0,3,0,0,0,0.3,0.1
Hunter Accursi,BUF,NA,2020-2021,2020,2021,1998,22,6,0,0,0,3,3,11,1,-0.73,-0.12
Ivana Bilic,CTW,D,2016-2017,2016,2017,1994,22,7,0,3,0,9,0,0,0,3.6,0.51
Iveta Klimasova,BUF,NA,2020-2021,2020,2021,1998,22,6,0,0,0,9,0,3,3,0.12,0.02
Iveta Klimasova,BUF,F,2019-2020,2019,2020,1998,21,24,3,9,6,66,4,9,20,18.11,0.75
Jackie Raines,CTW,F,2016-2017,2016,2017,NA,NA,NA,0,0,0,0,0,0,0,0,NA
Jacquie Greco,BUF,D,2016-2017,2016,2017,1991,25,15,1,0,0,8,0,0,0,1.8,0.12
Jacquie Greco,BUF,D,2017-2018,2017,2018,1991,26,14,0,1,1,11,0,0,0,2.66,0.19
Jacquie Greco,BUF,D,2018-2019,2018,2019,1991,27,9,0,0,0,3,0,0,0,0.3,0.03
Jamie Goldsmith,CTW,F,2018-2019,2018,2019,1990,28,10,1,0,0,18,0,0,0,2.8,0.28
Jamie Goldsmith,CTW,F,2017-2018,2017,2018,1990,27,14,3,0,1,25,0,0,0,6.16,0.44
Jane Morrisette,CTW,F,2019-2020,2019,2020,1995,24,21,3,0,0,32,69,111,2,1.28,0.06
Janine Weber,BOS,F,2017-2018,2017,2018,1991,26,13,3,2,2,27,0,0,0,8.82,0.68
Janine Weber,CTW,NA,2020-2021,2020,2021,1991,29,4,0,0,0,13,8,4,2,1.44,0.36
Janine Weber,CTW,F,2019-2020,2019,2020,1991,28,8,0,2,2,22,2,0,1,5.39,0.67
Janine Weber,NYR,F,2016-2017,2016,2017,1991,25,17,10,6,6,41,0,0,0,23.46,1.38
Janine Weber,NYR,F,2015-2016,2015,2016,1991,24,18,3,2,4,44,0,0,0,11.84,0.66
Jayne Lewis,MET,NA,2020-2021,2020,2021,1998,22,3,0,0,0,0,0,1,0,-0.11,-0.04
Jayne Lewis,MET,F,2019-2020,2019,2020,1998,21,2,1,2,0,2,0,0,0,3,1.5
Jenna Rheault,BOS,NA,2020-2021,2020,2021,1996,24,3,0,1,0,0,0,0,0,0.9,0.3
Jenna Rheault,BOS,D,2019-2020,2019,2020,1996,23,24,1,3,2,33,0,1,2,7.91,0.33
Jenny Ryan,MET,D,2018-2019,2018,2019,1995,23,16,1,1,1,33,0,0,0,5.86,0.37
Jenny Ryan,MET,D,2017-2018,2017,2018,1995,22,16,3,3,10,49,0,0,0,17.2,1.08
Jess Jones,BUF,F,2017-2018,2017,2018,1990,27,14,4,4,1,29,0,0,0,11.16,0.8
Jessica Fickel,BUF,F,2015-2016,2015,2016,1992,23,14,0,0,2,9,0,0,0,2.22,0.16
Jessica Koizumi,CTW,F,2015-2016,2015,2016,1985,30,15,2,3,2,33,0,0,0,9.32,0.62
Jessica Koizumi,CTW,F,2018-2019,2018,2019,1985,33,2,0,0,0,6,0,0,0,0.6,0.3
Jessica Sibley,BUF,F,2017-2018,2017,2018,1995,22,2,0,0,0,0,0,0,0,0,0
Jillian Dempsey,BOS,F,2019-2020,2019,2020,1991,28,24,17,17,6,158,342,206,3,66.57,2.77
Jillian Dempsey,BOS,NA,2020-2021,2020,2021,1991,29,7,3,2,1,16,68,31,0,11.13,1.59
Jillian Dempsey,BOS,F,2015-2016,2015,2016,1991,24,18,7,5,2,65,0,0,0,19.32,1.07
Jillian Dempsey,BOS,F,2018-2019,2018,2019,1991,27,16,10,4,0,47,0,0,0,18.3,1.14
Jillian Dempsey,BOS,F,2016-2017,2016,2017,1991,25,17,5,5,4,46,0,0,0,16.74,0.98
Jillian Dempsey,BOS,F,2017-2018,2017,2018,1991,26,16,7,5,3,43,0,0,0,17.78,1.11
Jonna Curtis,MIN,F,2019-2020,2019,2020,1994,25,21,14,16,6,82,7,17,5,38.71,1.84
Jonna Curtis,MIN,NA,2020-2021,2020,2021,1994,26,4,1,0,0,14,31,41,0,1.3,0.33
Jonna Curtis,MIN,F,2018-2019,2018,2019,1994,24,16,8,10,1,46,0,0,0,22.26,1.39
Jordan Brickner,CTW,D,2016-2017,2016,2017,1990,26,14,1,0,3,17,0,0,0,4.68,0.33
Jordan Brickner,CTW,D,2017-2018,2017,2018,1990,27,15,1,1,0,16,0,0,0,3.5,0.23
Jordan Brickner,CTW,D,2015-2016,2015,2016,1990,25,18,0,7,5,9,0,0,0,10.5,0.58
Jordan Brickner,CTW,D,2018-2019,2018,2019,1990,28,13,0,0,1,13,0,0,0,1.96,0.15
Jordan Brickner,CTW,D,2019-2020,2019,2020,1990,29,10,1,0,6,19,0,2,3,6.19,0.62
Jordan Juron,BOS,F,2019-2020,2019,2020,1994,25,8,1,1,1,13,13,18,1,3.16,0.4
Jordan Juron,BUF,F,2017-2018,2017,2018,1994,23,2,1,1,0,2,0,0,0,2.1,1.05
Jordan Juron,BUF,NA,2020-2021,2020,2021,1994,26,6,1,1,1,17,51,70,0,2.17,0.36
Jordan Juron,BUF,F,2018-2019,2018,2019,1994,24,2,0,0,0,2,0,0,0,0.2,0.1
Jordan Ott,BUF,F,2017-2018,2017,2018,1995,22,7,0,1,1,3,0,0,0,1.86,0.27
Jordan Smelker,BOS,F,2017-2018,2017,2018,1992,25,14,3,2,0,16,0,0,0,6.4,0.46
Jordan Smelker,BOS,F,2015-2016,2015,2016,1992,23,17,9,6,4,40,0,0,0,21.04,1.24
Jordan Smelker,BOS,F,2018-2019,2018,2019,1992,26,16,0,3,2,12,0,0,0,5.22,0.33
Jordan Smelker,BOS,F,2016-2017,2016,2017,1992,24,15,3,3,1,24,0,0,0,8.76,0.58
Jordyn Burns,BUF,D,2018-2019,2018,2019,1992,26,5,0,1,0,0,0,0,0,0.9,0.18
Jordyn Burns,BUF,D,2017-2018,2017,2018,1992,25,15,0,2,0,3,0,0,0,2.1,0.14
Jordyn Burns,BUF,F|D,2016-2017,2016,2017,1992,24,15,0,1,1,3,0,0,0,1.86,0.12
Juana Baribeau,CTW,F,2017-2018,2017,2018,1989,28,16,1,1,0,34,0,0,0,5.3,0.33
Juana Baribeau,CTW,F,2016-2017,2016,2017,1989,27,8,0,0,0,9,0,0,0,0.9,0.11
Juana Baribeau,CTW,F,2018-2019,2018,2019,1989,29,12,1,0,0,20,0,0,0,3,0.25
Julia Cheeky Herr,NYR,F,2016-2017,2016,2017,NA,NA,2,0,0,0,0,0,0,0,0,0
Julianna Iafallo,BUF,F,2018-2019,2018,2019,1996,22,16,6,5,2,33,0,0,0,15.12,0.95
Julie Allen,TOR,NA,2020-2021,2020,2021,1987,33,6,0,0,0,4,6,12,1,-0.41,-0.07
Kacey Bellamy,BOS,D,2015-2016,2015,2016,1987,28,13,2,6,6,31,0,0,0,14.46,1.11
Kacey Bellamy,BOS,D,2016-2017,2016,2017,1987,29,17,3,3,3,40,0,0,0,11.68,0.69
Kaleigh Fratkin,BOS,NA,2020-2021,2020,2021,1992,28,7,0,3,6,11,0,2,4,6.94,0.99
Kaleigh Fratkin,BOS,D,2019-2020,2019,2020,1992,27,24,3,7,13,68,1,0,19,21.94,0.91
Kaleigh Fratkin,BOS,D,2018-2019,2018,2019,1992,26,16,2,4,3,14,0,0,0,8.98,0.56
Kaleigh Fratkin,NYR,D,2016-2017,2016,2017,1992,24,18,1,3,2,35,0,0,0,8.52,0.47
Kaleigh Fratkin,CTW,D,2015-2016,2015,2016,1992,23,18,5,6,6,36,0,0,0,17.96,1
Kaleigh Fratkin,BOS,D,2017-2018,2017,2018,1992,25,11,0,2,3,15,0,0,0,5.28,0.48
Kaliya Johnson,CTW,D,2016-2017,2016,2017,1994,22,14,0,2,1,9,0,0,0,3.36,0.24
Kaliya Johnson,BOS,D,2017-2018,2017,2018,1994,23,16,0,0,2,10,0,0,0,2.32,0.15
Kaliya Johnson,BOS,F|D,2018-2019,2018,2019,1994,24,2,0,0,0,0,0,0,0,0,0
Kalli Funk,MIN,F,2018-2019,2018,2019,1993,25,6,1,1,0,5,0,0,0,2.4,0.4
Kalli Funk,MIN,F|D,2019-2020,2019,2020,1993,26,11,0,0,1,10,4,0,6,1.2,0.11
Kandice Sheriff,BUF,F,2019-2020,2019,2020,1997,22,24,1,1,0,23,10,11,7,3.04,0.13
Kate Buesser,CTW,F,2015-2016,2015,2016,1989,26,13,3,1,1,26,0,0,0,7.16,0.55
Kate Leary,MET,NA,2020-2021,2020,2021,1993,27,3,0,0,1,4,0,0,0,1.06,0.35
Kate Leary,MET,F,2019-2020,2019,2020,1993,26,22,16,9,2,94,3,5,9,33.25,1.51
Kate Schipper,MIN,F,2018-2019,2018,2019,1995,23,16,5,4,2,42,0,0,0,14.12,0.88
Katelynn Russ,CTW,F,2019-2020,2019,2020,1998,21,2,0,0,0,9,0,0,0,0.9,0.45
Katelynn Russ,CTW,NA,2020-2021,2020,2021,1998,22,4,2,0,0,22,4,6,2,3.68,0.92
Katerina Mrazova,CTW,F,2018-2019,2018,2019,1992,26,15,6,5,1,54,0,0,0,16.56,1.1
Katherine Donohue,BUF,F,2017-2018,2017,2018,1994,23,6,1,0,0,3,0,0,0,1.3,0.22
Kathryn Tomaselli,BOS,F,2017-2018,2017,2018,1993,24,12,0,2,1,10,0,0,0,3.46,0.29
Kathryn Tomaselli,BOS,F,2016-2017,2016,2017,1993,23,8,0,0,0,6,0,0,0,0.6,0.08
Katia Pashkevitch,CTW,D,2015-2016,2015,2016,NA,NA,1,0,0,0,0,0,0,0,0,0
Katie McGovern,MIN,F,2018-2019,2018,2019,1994,24,16,6,2,3,30,0,0,0,12.78,0.8
Kaycie Anderson,CTW,F,2017-2018,2017,2018,1991,26,12,1,1,0,17,0,0,0,3.6,0.3
Kaycie Anderson,CTW,NA,2020-2021,2020,2021,1991,29,4,1,0,0,7,1,1,2,1.4,0.35
Kaycie Anderson,CTW,F,2019-2020,2019,2020,1991,28,24,3,3,5,61,1,2,2,14.69,0.61
Kaycie Anderson,CTW,F,2018-2019,2018,2019,1991,27,8,0,0,0,1,0,0,0,0.1,0.01
Kayla Friesen,CTW,NA,2020-2021,2020,2021,1998,22,3,1,0,0,16,33,30,2,2.63,0.88
Kayla Meneghin,BUF,NA,2020-2021,2020,2021,1994,26,3,0,1,0,3,6,10,4,0.16,0.05
Kayla Meneghin,CTW,F,2018-2019,2018,2019,1994,24,11,1,0,0,8,0,0,0,1.8,0.16
Kayla Meneghin,CTW,F,2019-2020,2019,2020,1994,25,14,4,3,1,37,7,6,12,9.37,0.67
Kayla Parsons,BUF,D,2017-2018,2017,2018,1992,25,3,0,0,0,1,0,0,0,0.1,0.03
Kayla Parsons,BUF,D,2016-2017,2016,2017,1992,24,10,0,0,0,1,0,0,0,0.1,0.01
Kaylyn Schroka,BUF,F,2017-2018,2017,2018,1993,24,14,4,4,2,24,0,0,0,11.32,0.81
Kelley Steadman,BUF,F,2016-2017,2016,2017,1990,26,8,5,2,3,39,0,0,0,12.68,1.58
Kelley Steadman,BUF,F,2015-2016,2015,2016,1990,25,10,13,5,2,119,0,0,0,30.72,3.07
Kelli Stack,CTW,F,2015-2016,2015,2016,1988,27,17,8,10,4,83,0,0,0,27.94,1.64
Kelli Stack,CTW,F,2016-2017,2016,2017,1988,28,16,12,5,2,60,0,0,0,23.82,1.49
Kelly Babstock,MET,NA,2020-2021,2020,2021,1992,28,3,0,2,0,5,21,36,3,0.2,0.07
Kelly Babstock,CTW,F,2015-2016,2015,2016,1992,23,18,9,8,5,58,0,0,0,25.3,1.41
Kelly Babstock,CTW,F,2016-2017,2016,2017,1992,24,17,10,5,4,59,0,0,0,23.04,1.36
Kelly Babstock,BUF,F,2018-2019,2018,2019,1992,26,16,4,4,2,53,0,0,0,14.22,0.89
Kelly Babstock,CTW,F,2017-2018,2017,2018,1992,25,14,4,2,3,71,0,0,0,14.88,1.06
Kelly Cooke,BOS,F,2015-2016,2015,2016,1990,25,18,2,1,1,13,0,0,0,4.86,0.27
Kelly McDonald,BUF,D,2015-2016,2015,2016,1991,24,17,0,5,4,26,0,0,0,9.74,0.57
Kelly Nash,MET,F,2017-2018,2017,2018,1989,28,8,2,1,2,19,0,0,0,6.12,0.76
Kelly Nash,MET,F,2018-2019,2018,2019,1989,29,4,0,0,0,5,0,0,0,0.5,0.12
Kelly Nash,MET,F,2019-2020,2019,2020,1989,30,10,1,3,2,20,23,44,3,4.26,0.43
Kelsey Cline,MIN,F|D,2019-2020,2019,2020,1995,24,12,1,1,2,9,0,1,3,3.56,0.3
Kelsey Koelzer,MET,D,2017-2018,2017,2018,1995,22,14,5,5,4,28,0,0,0,14.94,1.07
Kelsey Koelzer,NYR,D,2016-2017,2016,2017,1995,21,NA,0,0,0,0,0,0,0,0,NA
Kelsey Koelzer,MET,D,2018-2019,2018,2019,1995,23,13,0,0,0,32,0,0,0,3.2,0.25
Kendall Cornine,MET,NA,2020-2021,2020,2021,1996,24,3,0,1,0,6,17,10,1,2.12,0.71
Kendall Cornine,MET,F,2019-2020,2019,2020,1996,23,24,13,5,6,115,301,261,11,35.71,1.49
Kendall Coyne Schofield,MIN,F,2018-2019,2018,2019,1992,26,12,7,6,2,88,0,0,0,22.52,1.88
Kendra Broad,CTW,F,2019-2020,2019,2020,1991,28,20,2,0,1,30,38,45,8,3.69,0.18
Kiira Dosdall,MET,D,2018-2019,2018,2019,1987,31,16,0,1,0,19,0,0,0,2.8,0.18
Kiira Dosdall,NYR,D,2015-2016,2015,2016,1987,28,18,1,0,5,31,0,0,0,7.4,0.41
Kiira Dosdall,MET,D,2017-2018,2017,2018,1987,30,16,0,7,3,28,0,0,0,11.08,0.69
Kiira Dosdall,NYR,D,2016-2017,2016,2017,1987,29,17,2,3,0,20,0,0,0,6.7,0.39
Kiira Dosdall-Arena,MET,NA,2020-2021,2020,2021,NA,NA,3,0,1,0,11,0,0,0,2,0.67
Kiira Dosdall-Arena,MET,D,2019-2020,2019,2020,NA,NA,13,1,0,1,13,0,0,5,2.21,0.17
Kim Brown,BUF,F,2019-2020,2019,2020,NA,NA,24,4,3,1,32,40,46,12,8.1,0.34
Kim Tiberi,CTW,D,2018-2019,2018,2019,1996,22,11,0,0,1,8,0,0,0,1.46,0.13
Kourtney Kunichika,BUF,F,2016-2017,2016,2017,1991,25,17,2,8,1,26,0,0,0,12.46,0.73
Kourtney Kunichika,BUF,F,2017-2018,2017,2018,1991,26,15,4,9,1,24,0,0,0,15.16,1.01
Kourtney Kunichika,BUF,F,2015-2016,2015,2016,1991,24,18,9,4,3,43,0,0,0,18.88,1.05
Kristen Barbara,TOR,NA,2020-2021,2020,2021,1992,28,3,0,0,0,2,0,0,1,0.05,0.02
Kristin Lewicki,BUF,NA,2020-2021,2020,2021,1995,25,6,2,1,1,15,2,1,0,5.17,0.86
Kristin Lewicki,MET,F,2018-2019,2018,2019,1995,23,16,1,0,0,26,0,0,0,3.6,0.22
Kristin Lewicki,BUF,F,2017-2018,2017,2018,1995,22,14,5,2,0,31,0,0,0,9.9,0.71
Kristin Lewicki,BUF,F,2019-2020,2019,2020,1995,24,6,2,3,1,11,0,4,0,6.02,1
Kristina Lavoie,BUF,D,2016-2017,2016,2017,1990,26,10,0,0,0,3,0,0,0,0.3,0.03
Laurel Hill,CTW,D,2019-2020,2019,2020,1992,27,7,0,1,0,10,0,0,2,1.6,0.23
Laurel Hill,CTW,NA,2020-2021,2020,2021,1992,28,2,0,0,0,1,0,0,1,-0.05,-0.02
Lauren Barnes,MIN,F,2018-2019,2018,2019,1992,26,9,2,0,1,8,0,0,0,3.46,0.38
Lauren Barnes,MIN,F,2019-2020,2019,2020,1992,27,24,2,5,6,40,169,188,3,11.92,0.5
Lauren Kelly,BOS,D,2019-2020,2019,2020,1996,23,23,2,4,6,57,0,0,11,13.61,0.59
Lauren Kelly,BOS,D,2018-2019,2018,2019,1996,22,15,1,0,2,22,0,0,0,4.52,0.3
Lauren Kelly,BOS,NA,2020-2021,2020,2021,1996,24,7,2,0,0,13,0,1,3,2.74,0.39
Lauren Wash,MET,F,2017-2018,2017,2018,NA,NA,5,1,0,0,4,0,0,0,1.4,0.28
Lauren Wash,NYR,F,2016-2017,2016,2017,NA,NA,8,1,2,0,3,0,0,0,3.1,0.39
Lee Stecklein,MIN,D,2018-2019,2018,2019,1994,24,16,1,3,7,26,0,0,0,10.92,0.68
Leila Kilduff,MET,D,2019-2020,2019,2020,1997,22,22,4,0,1,22,0,0,4,6.26,0.28
Leila Kilduff,MET,NA,2020-2021,2020,2021,1997,23,3,2,0,1,5,0,0,0,3.16,1.05
Lenka Curmova,BUF,D,2019-2020,2019,2020,1997,22,23,3,3,5,30,0,0,14,9.9,0.43
Lenka Curmova,BUF,NA,2020-2021,2020,2021,1997,23,6,0,1,0,4,0,0,5,0.55,0.09
Lexi Bender,BOS,D,2018-2019,2018,2019,1993,25,16,0,4,4,22,0,0,0,8.44,0.53
Lexi Bender,BOS,D,2019-2020,2019,2020,1993,26,24,4,4,5,43,0,0,9,13.85,0.58
Lexi Bender,BOS,D,2017-2018,2017,2018,1993,24,16,0,0,1,22,0,0,0,2.86,0.18
Lexi Slattery,MET,D,2018-2019,2018,2019,1994,24,6,0,0,0,1,0,0,0,0.1,0.02
Lexie Laing,BOS,F,2019-2020,2019,2020,1996,23,24,12,9,6,88,250,159,2,42.57,1.77
Lexie Laing,BOS,NA,2020-2021,2020,2021,1996,24,7,1,1,1,10,54,43,1,4.62,0.66
Linda Groff,BUF,D,2016-2017,2016,2017,NA,NA,1,0,0,0,0,0,0,0,0,0
Lindsay Berman,BOS,D,2016-2017,2016,2017,1988,28,NA,0,0,0,0,0,0,0,0,NA
Lindsay Berman,CTW,D,2015-2016,2015,2016,1988,27,3,0,1,0,1,0,0,0,1,0.33
Lindsay Eastwood,TOR,NA,2020-2021,2020,2021,1997,23,6,1,4,1,9,0,0,2,5.86,0.98
Lindsay Grigg,BUF,D,2015-2016,2015,2016,1993,22,15,0,0,2,8,0,0,0,2.12,0.14
Lindsey Hylwa,MET,F,2017-2018,2017,2018,1994,23,4,0,0,0,1,0,0,0,0.1,0.03
Lisa Chesson,BUF,D,2017-2018,2017,2018,1986,31,14,1,0,4,21,0,0,0,5.74,0.41
Lisa Chesson,BUF,D,2018-2019,2018,2019,1986,32,16,1,3,5,34,0,0,0,10.4,0.65
Lisa Chesson,BUF,NA,2020-2021,2020,2021,1986,34,3,1,0,0,2,0,0,2,0.9,0.3
Lisa Chesson,BUF,D,2016-2017,2016,2017,1986,30,7,0,1,2,8,0,0,0,3.02,0.43
Lisa Giovanelli,CTW,F|D,2016-2017,2016,2017,1979,37,1,0,0,0,0,0,0,0,0,0
Lisa Martinson,MIN,F,2018-2019,2018,2019,1991,27,3,0,1,0,2,0,0,0,1.1,0.37
Lisa Martinson,MIN,D,2019-2020,2019,2020,1991,28,18,1,2,5,27,0,1,4,8.09,0.45
Ludmila Belyakova,NYR,F,2015-2016,2015,2016,1994,21,15,5,4,1,36,0,0,0,12.86,0.86
Lynn Astrup,MIN,NA,2020-2021,2020,2021,1996,24,4,0,0,0,0,0,6,0,-0.66,-0.16
Mackenzie Lancaster,CTW,NA,2020-2021,2020,2021,NA,NA,3,0,0,0,10,12,15,0,0.67,0.22
Mackenzie MacNeil,TOR,NA,2020-2021,2020,2021,1996,24,6,2,0,0,18,0,1,0,3.69,0.62
Maddie Bishop,CTW,NA,2020-2021,2020,2021,1998,22,4,0,0,0,1,0,0,0,0.1,0.03
Maddie Elia,BUF,F,2018-2019,2018,2019,1995,23,16,12,6,1,55,0,0,0,23.56,1.47
Maddie Elia,BUF,F,2017-2018,2017,2018,1995,22,14,5,6,3,42,0,0,0,16.58,1.18
Maddie Evangelous,CTW,F,2019-2020,2019,2020,NA,NA,22,0,1,0,21,0,0,0,3,0.14
Maddie Norton,BUF,F,2019-2020,2019,2020,1997,22,3,0,0,0,1,0,1,0,-0.01,0
Maddie Rowe,MIN,NA,2020-2021,2020,2021,1998,22,4,0,0,0,3,0,1,1,0.04,0.01
Madison Packer,MET,F,2017-2018,2017,2018,1991,26,12,10,7,1,44,0,0,0,21.36,1.78
Madison Packer,MET,F,2018-2019,2018,2019,1991,27,15,8,2,3,40,0,0,0,15.78,1.05
Madison Packer,MET,F,2019-2020,2019,2020,1991,28,24,13,16,5,93,13,29,17,35.69,1.49
Madison Packer,MET,NA,2020-2021,2020,2021,1991,29,3,0,0,0,10,2,3,2,0.59,0.2
Madison Packer,NYR,F,2015-2016,2015,2016,1991,24,16,3,1,3,48,0,0,0,10.68,0.67
Madison Packer,NYR,F,2016-2017,2016,2017,1991,25,17,8,3,2,49,0,0,0,16.92,1
Maeve Reilly,CTW,NA,2020-2021,2020,2021,1996,24,1,0,0,0,0,0,0,0,0,0
Maggie Giamo,BUF,F,2015-2016,2015,2016,1990,25,6,0,0,0,7,0,0,0,0.7,0.12
Maggie LaGue,CTW,NA,2020-2021,2020,2021,1997,23,4,0,0,0,7,0,0,0,0.7,0.18
Maggie Taverna,BOS,F|D,2016-2017,2016,2017,NA,NA,NA,0,0,0,0,0,0,0,0,NA
Mallory Rushton,MET,F,2019-2020,2019,2020,1997,22,24,1,8,4,59,4,6,5,15.77,0.66
Mallory Rushton,MET,NA,2020-2021,2020,2021,1997,23,3,1,0,0,6,0,0,0,1.6,0.53
Mallory Souliotis,BOS,D,2018-2019,2018,2019,1996,22,14,3,2,1,19,0,0,0,7.36,0.53
Mallory Souliotis,BOS,D,2019-2020,2019,2020,1996,23,22,4,7,5,54,0,0,5,18.25,0.83
Mallory Souliotis,BOS,NA,2020-2021,2020,2021,1996,24,7,3,0,0,16,0,0,0,4.6,0.66
Mallory Souliotis,BOS,D|F,2017-2018,2017,2018,1996,21,2,0,0,0,3,0,0,0,0.3,0.15
Margo Lund,MIN,F,2018-2019,2018,2019,1993,25,3,0,0,0,2,0,0,0,0.2,0.07
Margot Scharfe,NYR,F,2015-2016,2015,2016,1992,23,5,0,0,0,0,0,0,0,0,0
Marie-Jo Pelletier,BUF,D,2019-2020,2019,2020,1997,22,24,6,10,5,46,0,2,0,22.68,0.95
Marie-Jo Pelletier,BUF,NA,2020-2021,2020,2021,1997,23,6,0,0,3,5,0,0,0,2.48,0.41
Marisa Raspa,BOS,F,2019-2020,2019,2020,1996,23,11,0,0,1,11,23,19,5,1.45,0.13
Marissa Gedman,BOS,D,2017-2018,2017,2018,1992,25,12,0,0,0,4,0,0,0,0.4,0.03
Marissa Gedman,BOS,D,2015-2016,2015,2016,1992,23,18,0,2,4,23,0,0,0,6.74,0.37
Marissa Gedman,BOS,D,2016-2017,2016,2017,1992,24,3,0,0,0,4,0,0,0,0.4,0.13
Mary Parker,BOS,NA,2020-2021,2020,2021,1993,27,4,0,0,0,7,0,1,0,0.59,0.15
Mary Parker,BOS,F,2017-2018,2017,2018,1993,24,15,1,2,0,22,0,0,0,5,0.33
Mary Parker,BOS,F,2019-2020,2019,2020,1993,26,17,15,4,5,77,154,132,3,31.57,1.86
Mary Parker,BOS,F,2016-2017,2016,2017,1993,23,1,0,0,0,0,0,0,0,0,0
Mary Parker,BOS,F,2018-2019,2018,2019,1993,25,9,3,0,0,13,0,0,0,4.3,0.48
McKenna Brand,BOS,NA,2020-2021,2020,2021,1996,24,7,3,3,1,25,4,6,2,8.34,1.19
McKenna Brand,BOS,F,2019-2020,2019,2020,1996,23,24,19,12,5,138,5,8,7,45.52,1.9
McKenna Brand,BOS,F,2018-2019,2018,2019,1996,22,16,6,7,4,50,0,0,0,19.94,1.25
Meagan Mangene,BOS,F|D,2015-2016,2015,2016,1992,23,7,0,0,1,8,0,0,0,1.46,0.21
Meagan Mangene,CTW,F|D,2016-2017,2016,2017,1992,24,16,1,2,1,23,0,0,0,5.76,0.36
Meagan Mangene,BOS,D|F,2017-2018,2017,2018,1992,25,15,2,1,0,20,0,0,0,4.9,0.33
Meaghan Pezon,MIN,NA,2020-2021,2020,2021,1988,32,4,1,0,0,3,0,3,0,0.97,0.24
Meaghan Pezon,MIN,F,2019-2020,2019,2020,1988,31,24,8,6,7,54,155,207,2,17.4,0.72
Meaghan Rickard,BOS,NA,2020-2021,2020,2021,1997,23,7,1,0,0,10,0,2,0,1.78,0.25
Meg Delay,BUF,NA,2020-2021,2020,2021,NA,NA,6,0,0,0,1,0,0,2,-0.2,-0.03
Meg Delay,BUF,D,2019-2020,2019,2020,NA,NA,16,1,3,2,16,0,0,16,4.22,0.26
Megan Bozek,BUF,D,2016-2017,2016,2017,1991,25,16,5,3,2,64,0,0,0,15.42,0.96
Megan Bozek,BUF,D,2015-2016,2015,2016,1991,24,16,3,6,4,55,0,0,0,16.54,1.03
Megan Quinn,TOR,NA,2020-2021,2020,2021,1996,24,6,1,0,0,9,0,0,2,1.6,0.27
Meghan Duggan,BOS,F,2016-2017,2016,2017,1987,29,17,13,5,2,61,0,0,0,24.92,1.47
Meghan Duggan,BUF,F,2015-2016,2015,2016,1987,28,13,6,8,2,62,0,0,0,20.72,1.59
Meghan Fardelmann,NYR,F,2015-2016,2015,2016,1987,28,18,6,1,0,42,0,0,0,11.1,0.62
Meghan Fonfara,BUF,F,2018-2019,2018,2019,NA,NA,NA,0,0,0,0,0,0,0,0,NA
Meghan Huertas,CTW,F,2017-2018,2017,2018,1992,25,7,2,2,0,23,0,0,0,6.1,0.87
Meghan Huertas,CTW,F,2016-2017,2016,2017,1992,24,9,1,1,2,4,0,0,0,3.62,0.4
Meghan Lorence,MIN,NA,2020-2021,2020,2021,1992,28,4,0,1,3,11,1,0,1,3.94,0.98
Meghan Lorence,MIN,F,2019-2020,2019,2020,1992,27,24,10,6,5,80,12,7,7,26.2,1.09
Meghan Pezon,MIN,F,2018-2019,2018,2019,NA,NA,9,1,1,0,12,0,0,0,3.1,0.34
Meghara McManus,BOS,NA,2020-2021,2020,2021,1998,22,7,2,2,1,20,2,5,2,5.83,0.83
Melissa Sheeran,CTW,F,2018-2019,2018,2019,1994,24,5,0,0,0,4,0,0,0,0.4,0.08
Micaela Long,CTW,F,2015-2016,2015,2016,1987,28,17,3,3,4,47,0,0,0,13.04,0.77
Micaela Long,CTW,F,2016-2017,2016,2017,1987,29,17,3,3,4,30,0,0,0,11.34,0.67
Michaela Levine,BOS,F,2016-2017,2016,2017,NA,NA,6,0,0,0,0,0,0,0,0,0
Michaela Levine,BOS,F,2017-2018,2017,2018,NA,NA,5,0,0,0,3,0,0,0,0.3,0.06
Michelle Lowenhielm,CTW,F,2018-2019,2018,2019,1995,23,16,3,2,1,36,0,0,0,9.06,0.57
Michelle Picard,NYR,D,2016-2017,2016,2017,1993,23,18,2,1,6,23,0,0,0,9.16,0.51
Michelle Picard,MET,D,2018-2019,2018,2019,1993,25,16,0,1,1,9,0,0,0,2.46,0.15
Michelle Picard,MET,D,2017-2018,2017,2018,1993,24,16,0,1,3,23,0,0,0,5.18,0.32
Mikyla Grant-Mentis,BUF,F,2019-2020,2019,2020,1998,21,2,2,1,0,8,25,16,1,4.54,2.27
Mikyla Grant-Mentis,TOR,NA,2020-2021,2020,2021,1998,22,6,5,2,2,28,22,14,2,11.5,1.92
Milica McMillen,NYR,D,2016-2017,2016,2017,1993,23,17,3,1,5,20,0,0,0,9.2,0.54
Miye D'Oench,NYR,F,2016-2017,2016,2017,1994,22,17,5,6,3,50,0,0,0,17.38,1.02
Miye D'Oench,MET,F,2017-2018,2017,2018,1994,23,9,7,5,1,33,0,0,0,15.46,1.72
Miye D'Oench,MET,F,2018-2019,2018,2019,1994,24,9,1,3,3,17,0,0,0,7.38,0.82
Molly Engstrom,CTW,D,2016-2017,2016,2017,1983,33,9,1,1,1,7,0,0,0,3.26,0.36
Molly Engstrom,CTW,D,2015-2016,2015,2016,1983,32,15,3,0,2,19,0,0,0,6.22,0.41
Morgan Beikrich,BUF,F,2016-2017,2016,2017,1987,29,3,0,0,0,0,0,0,0,0,0
Morgan Fritz-Ward,NYR,F,2015-2016,2015,2016,1993,22,17,4,2,0,40,0,0,0,9.8,0.58
Morgan Fritz-Ward,NYR,F,2016-2017,2016,2017,1993,23,8,0,0,0,13,0,0,0,1.3,0.16
Natalie Marcuzzi,TOR,NA,2020-2021,2020,2021,1998,22,6,0,0,1,19,12,12,1,2.41,0.4
Neve Van Pelt,BUF,NA,2020-2021,2020,2021,1998,22,5,0,0,0,3,16,23,0,-0.47,-0.09
Nichelle Simon,MET,D,2019-2020,2019,2020,1981,38,21,0,1,1,15,10,18,2,1.88,0.09
Nicole Arnold,MET,F,2019-2020,2019,2020,1995,24,22,1,2,0,20,23,33,1,3.55,0.16
Nicole Connery,CTW,F,2016-2017,2016,2017,1994,22,18,4,6,3,37,0,0,0,15.08,0.84
Nicole Guagliardo,CTW,NA,2020-2021,2020,2021,1998,22,2,0,0,0,2,0,0,2,-0.1,-0.05
Nicole Kosta,CTW,F,2016-2017,2016,2017,1993,23,18,6,8,3,41,0,0,0,19.28,1.07
Nicole Schammel,MIN,F,2019-2020,2019,2020,1996,23,22,11,10,4,150,34,40,3,36.53,1.66
Nikki Kirchberger,BUF,F|D,2019-2020,2019,2020,NA,NA,3,0,0,0,3,0,0,2,5.55E-17,0
Nina Rodgers,CTW,F,2018-2019,2018,2019,1996,22,15,2,2,0,21,0,0,0,5.9,0.39
Nina Rodgers,MIN,F,2019-2020,2019,2020,1996,23,7,1,2,1,9,1,0,4,3.87,0.55
Nina Rodgers,MIN,NA,2020-2021,2020,2021,1996,24,4,2,1,3,9,1,4,3,5,1.25
Paige Capistran,BOS,NA,2020-2021,2020,2021,1998,22,7,0,0,1,7,0,0,2,1.06,0.15
Paige Harrington,BUF,D,2016-2017,2016,2017,1993,23,17,0,0,0,7,0,0,0,0.7,0.04
Paige Harrington,BUF,D,2015-2016,2015,2016,1993,22,17,0,0,3,3,0,0,0,2.28,0.13
Paige Harrington,BOS,D,2017-2018,2017,2018,1993,24,14,0,2,1,7,0,0,0,3.16,0.23
Paige Savage,CTW,F,2017-2018,2017,2018,1994,23,5,0,0,0,4,0,0,0,0.4,0.08
Paige Voight,MET,NA,2020-2021,2020,2021,1997,23,3,0,0,0,4,0,0,0,0.4,0.13
Rachael Ade,CTW,D,2017-2018,2017,2018,1995,22,16,0,0,2,23,0,0,0,3.62,0.23
Rachael Ade,CTW,F|D,2018-2019,2018,2019,1995,23,15,2,1,0,20,0,0,0,4.9,0.33
Rachael Ade,CTW,NA,2020-2021,2020,2021,1995,25,1,0,0,0,3,0,1,0,0.19,0.19
Rachel Llanes,BOS,F,2016-2017,2016,2017,1991,25,16,3,1,0,29,0,0,0,6.8,0.43
Rachel Llanes,BOS,F,2015-2016,2015,2016,1991,24,17,3,3,1,38,0,0,0,10.16,0.6
Randi Griffin,CTW,F,2018-2019,2018,2019,1988,30,0,0,0,0,0,0,0,0,0,NA
Rebecca Morse,MET,D|F,2017-2018,2017,2018,1992,25,13,2,0,0,15,0,0,0,3.5,0.27
Rebecca Morse,MET,F|D,2018-2019,2018,2019,1992,26,10,1,0,0,7,0,0,0,1.7,0.17
Rebecca Morse,MET,D,2019-2020,2019,2020,1992,27,24,4,2,5,49,0,0,17,11.45,0.48
Rebecca Morse,NYR,D,2016-2017,2016,2017,1992,24,7,0,0,1,5,0,0,0,1.16,0.17
Rebecca Morse,MET,NA,2020-2021,2020,2021,1992,28,3,0,0,0,3,0,0,2,5.55E-17,0
Rebecca Russo,NYR,F,2016-2017,2016,2017,1994,22,18,3,9,4,41,0,0,0,17.84,0.99
Rebecca Russo,MET,F,2017-2018,2017,2018,1994,23,16,9,6,2,44,0,0,0,20.12,1.26
Rebecca Russo,MET,NA,2020-2021,2020,2021,1994,26,3,1,0,1,7,1,2,0,2.25,0.75
Rebecca Russo,MET,F,2018-2019,2018,2019,1994,24,16,5,2,1,50,0,0,0,12.46,0.78
Rebecca Vint,BUF,F,2017-2018,2017,2018,1992,25,13,3,1,2,30,0,0,0,8.22,0.63
Richelle Skarbowski,BUF,D,2019-2020,2019,2020,1995,24,24,0,0,1,6,0,0,10,-0.24,-0.01
Rose Alleva,MIN,NA,2020-2021,2020,2021,1992,28,4,0,1,0,0,0,0,0,0.9,0.22
Rose Alleva,MIN,D,2019-2020,2019,2020,1992,27,17,0,0,0,14,0,1,1,1.14,0.07
Sadie Lundquist,MIN,F,2018-2019,2018,2019,1991,27,2,0,0,0,1,0,0,0,0.1,0.05
Sam Donovan,MIN,F,2019-2020,2019,2020,1996,23,6,1,0,0,5,0,2,0,1.28,0.21
Sam Donovan,CTW,F,2018-2019,2018,2019,1996,22,4,0,0,0,2,0,0,0,0.2,0.05
Sam Donovan,CTW,F,2017-2018,2017,2018,1996,21,2,0,0,1,1,0,0,0,0.76,0.38
Sam Faber,CTW,F,2016-2017,2016,2017,1987,29,18,3,4,1,28,0,0,0,10.06,0.56
Sam Faber,CTW,F,2017-2018,2017,2018,1987,30,13,3,2,0,18,0,0,0,6.6,0.51
Sam Faber,CTW,F,2015-2016,2015,2016,1987,28,13,3,0,3,17,0,0,0,6.68,0.51
Sammy Davis,BOS,NA,2020-2021,2020,2021,1997,23,7,4,0,1,17,2,1,1,6.32,0.9
Sammy Kolowrat,MET,NA,2020-2021,2020,2021,1996,24,3,0,0,0,1,0,0,0,0.1,0.03
Sara Bustad,MIN,NA,2020-2021,2020,2021,1994,26,4,0,0,0,4,0,1,1,0.14,0.04
Sara Bustad,BUF,F|D,2019-2020,2019,2020,1994,25,23,2,5,4,27,9,25,12,8.28,0.36
Sarah-Eve Coutu-Godbout,TOR,NA,2020-2021,2020,2021,1997,23,6,2,1,0,28,2,0,1,5.77,0.96
Sarah Casorso,BUF,D,2017-2018,2017,2018,1992,25,15,0,3,6,19,0,0,0,8.56,0.57
Sarah Casorso,BUF,D,2018-2019,2018,2019,1992,26,11,0,0,2,9,0,0,0,2.22,0.2
Sarah Casorso,BUF,D,2019-2020,2019,2020,1992,27,2,0,0,0,4,0,0,0,0.4,0.2
Sarah Casorso,BUF,F|D,2016-2017,2016,2017,1992,24,16,0,1,6,20,0,0,0,6.86,0.43
Sarah Edney,BUF,D,2017-2018,2017,2018,1993,24,14,3,2,1,29,0,0,0,8.36,0.6
Sarah Edney,BUF,D,2018-2019,2018,2019,1993,25,10,0,1,0,15,0,0,0,2.4,0.24
Sarah Hughson,CTW,F,2018-2019,2018,2019,1996,22,13,0,0,0,10,0,0,0,1,0.08
Sarah Hughson,CTW,NA,2020-2021,2020,2021,1996,24,1,0,0,0,1,4,5,0,-0.01,-0.01
Sarah Hughson,CTW,F,2019-2020,2019,2020,1996,23,22,1,4,0,33,13,10,0,8.23,0.37
Sarah Schwenzfeier,CTW,NA,2020-2021,2020,2021,1995,25,4,0,1,0,4,23,26,0,0.97,0.24
Sarah Schwenzfeier,CTW,F,2019-2020,2019,2020,1995,24,22,6,2,1,55,218,259,5,8.7,0.4
Sarah Schwenzfeier,CTW,F,2018-2019,2018,2019,1995,23,4,0,0,0,1,0,0,0,0.1,0.03
Sarah Shureb,BUF,F,2017-2018,2017,2018,1995,22,8,1,0,0,13,0,0,0,2.3,0.29
Sarah Steele,TOR,NA,2020-2021,2020,2021,1995,25,6,0,1,1,5,0,0,1,1.91,0.32
Saroya Tinker,MET,NA,2020-2021,2020,2021,1998,22,3,0,1,0,2,0,0,0,1.1,0.37
Savannah Harmon,BUF,D,2018-2019,2018,2019,1995,23,16,3,4,0,38,0,0,0,10.4,0.65
Shannon Doyle,CTW,D,2018-2019,2018,2019,1992,26,13,3,3,2,24,0,0,0,9.42,0.72
Shannon Doyle,CTW,NA,2020-2021,2020,2021,1992,28,4,0,1,1,8,0,0,0,2.36,0.59
Shannon Doyle,CTW,D,2015-2016,2015,2016,1992,23,18,2,1,2,44,0,0,0,8.62,0.48
Shannon Doyle,CTW,D,2017-2018,2017,2018,1992,25,15,0,2,3,30,0,0,0,6.78,0.45
Shannon Doyle,CTW,D,2019-2020,2019,2020,1992,27,24,2,3,6,65,0,0,18,12.46,0.52
Shannon Doyle,CTW,D,2016-2017,2016,2017,1992,24,15,0,4,3,21,0,0,0,7.68,0.51
Shelby Bram,BUF,F,2015-2016,2015,2016,1993,22,15,4,4,2,24,0,0,0,11.32,0.75
Shiann Darkangelo,BUF,F,2016-2017,2016,2017,1993,23,16,7,5,0,71,0,0,0,18.6,1.16
Shiann Darkangelo,TOR,NA,2020-2021,2020,2021,1993,27,6,0,1,2,23,73,47,4,6.78,1.13
Shiann Darkangelo,CTW,F,2015-2016,2015,2016,1993,22,13,10,2,1,43,0,0,0,16.76,1.29
Sophia Agostinelli,CTW,F,2017-2018,2017,2018,1992,25,2,0,0,0,0,0,0,0,0,0
Stephanie Anderson,MIN,NA,2020-2021,2020,2021,1992,28,4,0,1,0,12,46,53,0,1.33,0.33
Stephanie Anderson,MIN,F,2019-2020,2019,2020,1992,27,22,4,6,0,51,49,46,6,13.93,0.63
Stephanie Mock,CTW,F,2017-2018,2017,2018,1992,25,11,0,0,0,13,0,0,0,1.3,0.12
Sydney Baldwin,MIN,D,2019-2020,2019,2020,1996,23,17,8,6,4,55,0,1,7,20.38,1.2
Sydney Baldwin,MIN,NA,2020-2021,2020,2021,1996,24,4,1,1,1,14,0,0,2,3.66,0.92
Sydney Daniels,BOS,F,2017-2018,2017,2018,1995,22,7,4,1,1,15,0,0,0,7.06,1.01
Sydney Kidd,NYR,D,2015-2016,2015,2016,1992,23,16,0,1,3,8,0,0,0,3.68,0.23
Tanja Eisenschmid,MIN,D,2018-2019,2018,2019,1993,25,5,0,0,0,5,0,0,0,0.5,0.1
Tara Tomimoto,CTW,D,2015-2016,2015,2016,1991,24,13,1,0,0,7,0,0,0,1.7,0.13
Tatiana Rafter,NYR,F,2016-2017,2016,2017,1992,24,18,6,1,0,39,0,0,0,10.8,0.6
Tatiana Rafter,BUF,F,2015-2016,2015,2016,1992,23,17,2,1,0,21,0,0,0,5,0.29
Tatiana Rafter,MET,F,2017-2018,2017,2018,1992,25,16,4,1,1,27,0,0,0,8.26,0.52
Tatiana Shatalova,MET,F,2019-2020,2019,2020,1999,20,23,2,6,4,64,4,5,9,14.98,0.65
Taylor Accursi,BUF,F,2018-2019,2018,2019,1995,23,13,4,2,0,26,0,0,0,8.4,0.65
Taylor Accursi,BUF,F,2017-2018,2017,2018,1995,22,15,6,3,2,35,0,0,0,13.52,0.9
Taylor Accursi,BUF,F,2019-2020,2019,2020,1995,24,24,16,6,3,69,12,23,8,27.87,1.16
Taylor Holze,NYR,F,2015-2016,2015,2016,1990,25,7,0,1,0,3,0,0,0,1.2,0.17
Taylor Holze,NYR,F,2016-2017,2016,2017,1990,26,9,1,0,0,7,0,0,0,1.7,0.19
Taylor Marchin,CTW,D,2019-2020,2019,2020,1994,25,24,0,2,1,45,0,0,6,6.06,0.25
Taylor Marchin,CTW,NA,2020-2021,2020,2021,1994,26,4,0,0,0,4,0,0,0,0.4,0.1
Taylor Marchin,CTW,D,2018-2019,2018,2019,1994,24,11,0,0,0,9,0,0,0,0.9,0.08
Taylor Turnquist,BOS,NA,2020-2021,2020,2021,1997,23,7,0,1,2,10,0,0,1,3.07,0.44
Taylor Wasylk,BOS,F,2019-2020,2019,2020,1992,27,4,0,3,1,5,2,2,4,3.26,0.81
Taylor Wasylk,BOS,F,2018-2019,2018,2019,1992,26,NA,0,0,0,0,0,0,0,0,NA
Taylor Wasylk,BUF,NA,2020-2021,2020,2021,1992,28,4,0,0,0,10,6,21,4,-1.25,-0.31
Taylor Wenczkowski,BOS,NA,2020-2021,2020,2021,1997,23,7,1,0,0,21,0,2,2,2.58,0.37
Taylor Woods,TOR,NA,2020-2021,2020,2021,1994,26,6,4,1,0,18,2,1,5,6.06,1.01
Taytum Clairmont,TOR,NA,2020-2021,2020,2021,1996,24,6,1,2,0,8,15,16,0,3.49,0.58
Tereza Vanisova,BOS,NA,2020-2021,2020,2021,1996,24,7,0,2,0,18,60,26,5,6.59,0.94
Tess Adams,CTW,F,2018-2019,2018,2019,1996,22,1,0,0,0,0,0,0,0,0,0
Theresa Knutson,MET,NA,2020-2021,2020,2021,NA,NA,3,1,0,0,10,2,0,0,2.22,0.74
Toni Ann Miano,BOS,D,2018-2019,2018,2019,1996,22,16,3,1,1,31,0,0,0,7.66,0.48
Tori Howran,CTW,NA,2020-2021,2020,2021,1998,22,3,1,1,1,5,0,0,0,3.06,1.02
Tori Sullivan,BOS,F,2019-2020,2019,2020,1996,23,24,11,8,6,62,12,13,4,27.65,1.15
Tori Sullivan,BOS,NA,2020-2021,2020,2021,1996,24,7,0,1,1,4,1,0,0,2.07,0.3
Vanessa Gagnon,CTW,F,2018-2019,2018,2019,1990,28,2,0,0,0,4,0,0,0,0.4,0.2
Whitney Dove,BUF,NA,2020-2021,2020,2021,1998,22,6,0,0,1,8,0,0,4,0.86,0.14
Whitney Renn,BOS,F|D,2019-2020,2019,2020,1996,23,20,0,0,0,14,0,0,0,1.4,0.07
Winny Brodt Brown,MIN,D,2019-2020,2019,2020,1978,41,20,0,1,4,6,1,3,5,3.17,0.16
Winny Brodt Brown,MIN,D,2018-2019,2018,2019,1978,40,13,0,0,1,6,0,0,0,1.26,0.1
Winny Brodt Brown,MIN,NA,2020-2021,2020,2021,1978,42,4,1,0,0,1,0,0,2,0.8,0.2
Yekaterina Smolentseva,CTW,F,2015-2016,2015,2016,1981,34,13,3,3,2,28,0,0,0,9.82,0.76
Zoe Hickel,BOS,F,2015-2016,2015,2016,1992,23,15,3,1,2,44,0,0,0,9.62,0.64
Zoe Hickel,CTW,F,2016-2017,2016,2017,1992,24,4,3,0,0,12,0,0,0,4.2,1.05
Zoe Hickel,BOS,F,2016-2017,2016,2017,1992,24,12,1,3,2,19,0,0,0,6.92,0.58
